Workbook

Sheet TẤT CẢ
B1: CÔNG TY CỔ PHẦN TẬP ĐOÀN XUẤT NHẬP KHẨU TRÁI CÂY CHÁNH THU THÔN NAM KỲ , XÃ EA DRƠNG , HUYỆN CƯ M'GAR , TỈNH ĐĂK LĂK
A2: PHIẾU TỔNG CÂN TAY
A3: Ngày tháng: | B3: ='CHI TIET'!M4 -> 46297.4 | E3: Phiếu TTCH: | F3: ='CHI TIET'!M5 -> 0
A4: Biển số xe: | B4: ='CHI TIET'!C5 -> 66A-481.96 | E4: Tổng cân tay xe: | F4: =E25 -> 0
E5: % Hao hụt | F5: =1-(F3/F4) -> #DIV/0!
A6: STT | B6: Mã | C6: Tên | D6: Đơn vị tính | E6: Khối lượng | F6: Ghi Chú
A7: 1 | B7: NL1010101.009 | C7: Sầu riêng monthong Dạt | D7: Kg | E7: ='CHI TIET'!C83 -> 0
A8: 2 | B8: NL1010101.006 | C8: Sầu riêng monthong Kem | D8: Kg | E8: ='CHI TIET'!F82 -> 0
A9: 3 | B9: NL1010101.014 | C9: Sầu riêng monthong Chiêm | D9: Kg | E9: ='CHI TIET'!C84 -> 0
A10: 4 | B10: NL1010101.008 | C10: Sầu riêng monthong Chín cây | D10: Kg | E10: ='CHI TIET'!F83 -> 0
A11: 5 | B11: NL1010101.015 | C11: Sầu riêng monthong Nấm | D11: Kg | E11: ='CHI TIET'!F84 -> 0
A12: 6 | C12: Sầu riêng monthong Thối | D12: Kg | E12: ='CHI TIET'!C82 -> 0 | F12: Bỏ
A13: 7 | B13: NL1010102.002 | C13: Sầu riêng Ri 6 loại 1 | D13: Kg | E13: ='CHI TIET'!I78 -> 0
A14: 8 | B14: NL1010102.003 | C14: Sầu riêng Ri 6 loại 2 | D14: Kg | E14: ='CHI TIET'!I79 -> 0
A15: 9 | B15: NL1010102.009 | C15: Sầu riêng Ri 6 Dạt | D15: Kg | E15: ='CHI TIET'!C79 -> 0
A16: 10 | B16: NL1010102.006 | C16: Sầu riêng Ri 6 Kem | D16: Kg | E16: ='CHI TIET'!F78 -> 0
A17: 11 | B17: NL1010102.014 | C17: Sầu riêng Ri 6 Chiêm | D17: Kg | E17: ='CHI TIET'!C80 -> 0
A18: 12 | B18: NL1010102.008 | C18: Sầu riêng Ri 6 Chín cây | D18: Kg | E18: ='CHI TIET'!F79 -> 0
A19: 13 | B19: NL1010102.015 | C19: Sầu riêng Ri 6 Nấm | D19: Kg | E19: ='CHI TIET'!F80 -> 0
A20: 14 | C20: Sầu riêng Ri 6 Thối | D20: Kg | E20: ='CHI TIET'!C78 -> 0 | F20: Bỏ
A21: 15 | B21: NL1010104.002 | C21: Sầu riêng Musaking loại A | D21: Kg | E21: ='CHI TIET'!C87 -> 0
A22: 16 | B22: NL1010104.003 | C22: Sầu riêng Musaking loại B | D22: Kg | E22: ='CHI TIET'!C88 -> 0
A23: 17 | B23: NL1010101.002 | C23: Sầu riêng monthong loại A | D23: Kg | E23: ='CHI TIET'!C85 -> 0
A24: 18 | B24: NL1010101.003 | C24: Sầu riêng monthong loại B | D24: Kg | E24: ='CHI TIET'!F85 -> 0
B25: Tổng | E25: =SUM(E7:E22) -> 0
A31: Người giao hàng | C31: Người nhận hàng | D31: Người cân hàng | F31: Thủ Kho

Sheet TỔNG
B1: CÔNG TY CỔ PHẦN TẬP ĐOÀN XUẤT NHẬP KHẨU TRÁI CÂY CHÁNH THU THÔN NAM KỲ , XÃ EA DRƠNG , HUYỆN CƯ M'GAR , TỈNH ĐĂK LĂK
A2: PHIẾU TỔNG CÂN TAY
A3: Ngày tháng: | B3: ='CHI TIET'!M4 -> 46297.4 | E3: Phiếu TTCH: | F3: ='CHI TIET'!M5 -> 0
A4: Biển số xe: | B4: ='CHI TIET'!C5 -> 66A-481.96 | E4: Tổng cân tay xe: | F4: =E23 -> #VALUE!
A5: Mã phiếu: | B5: =MID('CHI TIET'!D6,7,8) | E5: % Hao hụt | F5: =1-(F3/F4) -> #VALUE!
A6: STT | B6: Mã | C6: Tên | D6: Đơn vị tính | E6: Khối lượng | F6: Ghi Chú
A7: 1 | B7: {=_xlfn._xlws.FILTER('TẤT CẢ'!B7:B24, ('TẤT CẢ'!E7:E24<>0) * ('TẤT CẢ'!E7:E24<>""))} -> #VALUE! | C7: {=_xlfn._xlws.FILTER('TẤT CẢ'!C7:C24, ('TẤT CẢ'!E7:E24<>0) * ('TẤT CẢ'!E7:E24<>""))} -> #VALUE! | D7: {=_xlfn._xlws.FILTER('TẤT CẢ'!D7:D24, ('TẤT CẢ'!E7:E24<>0) * ('TẤT CẢ'!E7:E24<>""))} -> #VALUE! | E7: {=_xlfn._xlws.FILTER('TẤT CẢ'!E7:E24, ('TẤT CẢ'!E7:E24<>0) * ('TẤT CẢ'!E7:E24<>""))} -> #VALUE! | F7: {=_xlfn._xlws.FILTER('TẤT CẢ'!F7:F24, ('TẤT CẢ'!E7:E24<>0) * ('TẤT CẢ'!E7:E24<>""))} -> #VALUE!
A8: 2
A9: 3
A10: 4
A11: 5
A12: 6
A13: 7
A14: 8
A15: 9
A16: 10
A17: 11
A18: 12
A19: 13
... A22: 16
A23: 17 | B23: Tổng | E23: =SUM(E7:E22) -> #VALUE!
A27: Người giao hàng | C27: Người nhận hàng | D27: Người cân hàng | F27: Thủ Kho

Sheet CHI TIET
B1: CÔNG TY CỔ PHẦN TẬP ĐOÀN XUẤT NHẬP KHẨU TRÁI CÂY CHÁNH THU
B2: PHIẾU CÂN TAY NHẬP NGUYÊN LIỆU
A4: I. THÔNG TIN CHUNG | L4: Ngày tháng: | M4: =NOW() -> 46297.4
A5: Biển số xe: | C5: 66A-481.96 | L5: Phiếu TTCH:
B6: Lot QC 1: | C6: DM | G6: Lot QC 5: | H6: DM | L6: Tổng cân tay xe: | M6: =I80+I83+C89 -> 0
B7: Lot QC 2: | C7: DK | G7: Lot QC 6: | H7: DK | L7: % Hao hụt: | M7: =1-(M5/M6) -> #DIV/0!
B8: Lot QC 3: | G8: Lot QC 7:
B9: Lot QC 4: | G9: Lot QC 8:
A11: II. CHI TIẾT
A12: Mã | B12: KHỐI LƯỢNG NGUYÊN LIỆU | N12: Kho
B13: KG
M14: =SUM(B14:L14) -> 0
M15: =SUM(B15:L15) -> 0
M16: =SUM(B16:L16) -> 0
M17: =SUM(B17:L17) -> 0
M18: =SUM(B18:L18) -> 0
M19: =SUM(B19:L19) -> 0
M20: =SUM(B20:L20) -> 0
M21: =SUM(B21:L21) -> 0
M22: =SUM(B22:L22) -> 0
M23: =SUM(B23:L23) -> 0
M24: =SUM(B24:L24) -> 0
M25: =SUM(B25:L25) -> 0
... M75: =SUM(B75:L75) -> 0
L76: Người ghi cân
A77: Tổng RI-6
A78: RT | B78: RI-6 THỐI: | C78: =SUMIF(A14:A75,A78,M14:M75) -> 0 | D78: RK | E78: RI-6 KEM: | F78: =SUMIF(A14:A75,D78,M14:M75) -> 0 | G78: RTA | H78: RI-6 A | I78: =SUMIF(A14:A75,G78,M14:M75) -> 0
A79: RD | B79: RI-6 DẠT | C79: =SUMIF(A14:A75,A79,M14:M75) -> 0 | D79: R9 | E79: RI-6 CHÍN: | F79: =SUMIF(A14:A75,D79,M14:M75) -> 0 | G79: RTB | H79: RI-6 B | I79: =SUMIF(A14:A75,G79,M14:M75) -> 0
A80: RC | B80: RI-6 CHIÊM | C80: =SUMIF(A14:A75,A80,M14:M75) -> 0 | D80: RN | E80: RI-6 NẤM: | F80: =SUMIF(A14:A75,D80,M14:M75) -> 0 | H80: Tổng Ri-6 | I80: =I79+I78+F80+F79+F78+C78+C79+C80 -> 0
A81: Tổng DONA
A82: DT | B82: DONA THỐI: | C82: =SUMIF(A14:A75,A82,M14:M75) -> 0 | D82: DK | E82: DONA KEM: | F82: =SUMIF(A14:A75,D82,M14:M75) -> 0
A83: DD | B83: DONA DẠT | C83: =SUMIF(A14:A75,A83,M14:M75) -> 0 | D83: D9 | E83: DONA CHÍN: | F83: =SUMIF(A14:A75,D83,M14:M75) -> 0 | H83: Tổng DONA | I83: =C82+C83+C84+F82+F83+F84+C85+F85 -> 0
A84: DC | B84: DONA CHIÊM | C84: =SUMIF(A14:A75,A84,M14:M75) -> 0 | D84: DN | E84: DONA NẤM: | F84: =SUMIF(A14:A75,D84,M14:M75) -> 0
A85: DA | B85: DONA A: | C85: =SUMIF(A14:A75,A85,M14:M75) -> 0 | D85: DB | E85: DONA B: | F85: =SUMIF(A14:A75,D85,M14:M75) -> 0
A86: Tổng Musaking
B87: MSKA | C87: =SUMIF(A14:A75,B87,M14:M75) -> 0
B88: MSKB | C88: =SUMIF(A14:A75,B88,M14:M75) -> 0
B89: Tổng MSK | C89: =C87+C88 -> 0
